{"cameraMode":{"drawMode":0,"name":"Shaded","section":"Shading Mode"},"sceneLighting":false,"audioPlay":false,"sceneViewState":{"showFog":true,"showMaterialUpdate":false,"showSkybox":true,"showFlares":true,"showImageEffects":true,"showParticleSystems":true},"in2DMode":false,"pivot":{"x":0.17673194408416749,"y":0.5086850523948669,"z":-0.31658124923706057},"rotation":{"x":-0.02538667805492878,"y":-0.6961857080459595,"z":-0.024672089144587518,"w":0.7169883251190186},"size":1.151957392692566,"orthographic":true}