{"cameraMode":{"drawMode":0,"name":"Shaded","section":"Shading Mode"},"sceneLighting":false,"audioPlay":false,"sceneViewState":{"showFog":true,"showMaterialUpdate":false,"showSkybox":true,"showFlares":true,"showImageEffects":true,"showParticleSystems":true},"in2DMode":false,"pivot":{"x":-0.7939713001251221,"y":0.1263580322265625,"z":0.0017156600952148438},"rotation":{"x":-0.2850533723831177,"y":0.06750906258821488,"z":-0.02013259194791317,"w":-0.9559193253517151},"size":13.177068710327149,"orthographic":false}