{"cameraMode":{"drawMode":0,"name":"Shaded","section":"Shading Mode"},"sceneLighting":false,"audioPlay":false,"sceneViewState":{"showFog":true,"showMaterialUpdate":false,"showSkybox":true,"showFlares":true,"showImageEffects":true,"showParticleSystems":true},"in2DMode":false,"pivot":{"x":0.20408999919891358,"y":0.45833149552345278,"z":-1.1366918087005616},"rotation":{"x":0.006620944011956453,"y":0.4697301685810089,"z":-0.0035230438224971296,"w":0.8827781677246094},"size":2.064791440963745,"orthographic":false}