{"cameraMode":{"drawMode":0,"name":"Shaded","section":"Shading Mode"},"sceneLighting":false,"audioPlay":false,"sceneViewState":{"showFog":true,"showMaterialUpdate":false,"showSkybox":true,"showFlares":true,"showImageEffects":true,"showParticleSystems":true},"in2DMode":false,"pivot":{"x":-0.17134881019592286,"y":0.4309886395931244,"z":0.1263108253479004},"rotation":{"x":0.014409486204385758,"y":-0.2776679992675781,"z":0.004165336489677429,"w":0.9605600237846375},"size":2.3246712684631349,"orthographic":false}